dataset,frame,object_id,type,occluded,truncated,distance_m,yaw_deg,n_lidar_points,iou_corners,iou_lidar,iou_diff
kitti_mini,000001,0,Truck,0,0.0,69.46,0.0,70,0.9379,0.7958,-0.1421
kitti_mini,000001,1,Car,0,0.0,60.83,0.0,9,0.9806,0.0536,-0.927
kitti_mini,000001,2,Cyclist,3,0.0,46.09,0.0,18,0.9599,0.5903,-0.3696
kitti_mini,000001,0,Truck,0,0.0,69.46,1.0,36,0.9379,0.3694,-0.5685
kitti_mini,000001,1,Car,0,0.0,60.83,1.0,0,0.9806,0.0,-0.9806
kitti_mini,000001,2,Cyclist,3,0.0,46.09,1.0,0,0.9599,0.0,-0.9599
kitti_mini,000001,0,Truck,0,0.0,69.46,2.0,7,0.9379,0.0709,-0.867
kitti_mini,000001,1,Car,0,0.0,60.83,2.0,1,0.9806,0.0,-0.9806
kitti_mini,000001,2,Cyclist,3,0.0,46.09,2.0,2,0.9599,0.0234,-0.9365
kitti_mini,000011,0,Pedestrian,1,0.0,13.49,0.0,151,0.7617,0.8591,0.0974
kitti_mini,000011,1,Pedestrian,2,0.0,14.56,0.0,35,0.9709,0.51,-0.4609
kitti_mini,000011,2,Car,0,0.0,27.16,0.0,208,0.9622,0.8262,-0.136
kitti_mini,000011,3,Pedestrian,0,0.0,34.19,0.0,40,0.6641,0.7812,0.1171
kitti_mini,000011,4,Car,0,0.98,6.83,0.0,3251,0.0,0.6913,0.6913
kitti_mini,000011,5,Pedestrian,0,0.0,17.91,0.0,81,0.7877,0.7895,0.0018
kitti_mini,000011,0,Pedestrian,1,0.0,13.49,1.0,136,0.7617,0.7411,-0.0206
kitti_mini,000011,1,Pedestrian,2,0.0,14.56,1.0,28,0.9709,0.6015,-0.3694
kitti_mini,000011,2,Car,0,0.0,27.16,1.0,161,0.9622,0.8246,-0.1376
kitti_mini,000011,3,Pedestrian,0,0.0,34.19,1.0,8,0.6641,0.0959,-0.5682
kitti_mini,000011,4,Car,0,0.98,6.83,1.0,3347,0.0,0.4641,0.4641
kitti_mini,000011,5,Pedestrian,0,0.0,17.91,1.0,46,0.7877,0.758,-0.0297
kitti_mini,000011,0,Pedestrian,1,0.0,13.49,2.0,69,0.7617,0.7303,-0.0314
kitti_mini,000011,1,Pedestrian,2,0.0,14.56,2.0,13,0.9709,0.4886,-0.4823
kitti_mini,000011,2,Car,0,0.0,27.16,2.0,117,0.9622,0.8195,-0.1427
kitti_mini,000011,3,Pedestrian,0,0.0,34.19,2.0,1,0.6641,0.0,-0.6641
kitti_mini,000011,4,Car,0,0.98,6.83,2.0,3182,0.0,0.2775,0.2775
kitti_mini,000011,5,Pedestrian,0,0.0,17.91,2.0,11,0.7877,0.0174,-0.7703
kitti_mini,000031,0,Car,0,0.0,12.73,0.0,1028,0.9764,0.8527,-0.1237
kitti_mini,000031,1,Car,0,0.0,9.18,0.0,1028,0.9909,0.8917,-0.0992
kitti_mini,000031,2,Car,1,0.0,13.56,0.0,517,0.9782,0.7132,-0.265
kitti_mini,000031,3,Truck,2,0.0,22.59,0.0,328,0.975,0.7829,-0.1921
kitti_mini,000031,4,Car,0,0.0,26.6,0.0,141,0.9754,0.7398,-0.2356
kitti_mini,000031,5,Van,0,0.0,51.96,0.0,32,0.9698,0.7146,-0.2552
kitti_mini,000031,0,Car,0,0.0,12.73,1.0,934,0.9764,0.8629,-0.1135
kitti_mini,000031,1,Car,0,0.0,9.18,1.0,842,0.9909,0.876,-0.1149
kitti_mini,000031,2,Car,1,0.0,13.56,1.0,316,0.9782,0.5093,-0.4689
kitti_mini,000031,3,Truck,2,0.0,22.59,1.0,320,0.975,0.6601,-0.3149
kitti_mini,000031,4,Car,0,0.0,26.6,1.0,93,0.9754,0.4934,-0.482
kitti_mini,000031,5,Van,0,0.0,51.96,1.0,24,0.9698,0.687,-0.2828
kitti_mini,000031,0,Car,0,0.0,12.73,2.0,768,0.9764,0.8607,-0.1157
kitti_mini,000031,1,Car,0,0.0,9.18,2.0,744,0.9909,0.6968,-0.2941
kitti_mini,000031,2,Car,1,0.0,13.56,2.0,217,0.9782,0.3388,-0.6394
kitti_mini,000031,3,Truck,2,0.0,22.59,2.0,259,0.975,0.5712,-0.4038
kitti_mini,000031,4,Car,0,0.0,26.6,2.0,53,0.9754,0.3115,-0.6639
kitti_mini,000031,5,Van,0,0.0,51.96,2.0,6,0.9698,0.0901,-0.8797
